abandon,[əˈbændən],"(1)v. to leave and never return to 放弃
(2)v. to give over unrestrainedly 放纵","desert, relinquish"
abet,[ə'bet],v. to actively second and encourage ⽀支持，怂恿,instigate
abound,[əˈbaʊnd],v. to be present in large numbers or in great quantity 充满,proliferate
absorbing,[əbˈsɔ:bɪŋ],adj. fully taking one’s attention 吸引⼈人的,
abstemious,[əbˈsti:miəs],adj. not eating and drinking too much 有节制的,"austere, moderate"
abuse,[əˈbju:s],"(1)v. to treat in a harsh or harmful way 虐待
(2)v. to use wrongly 误⽤用
(3)n. a corrupt practice or custom 恶习",misuse
acclaim,[əˈkleɪm],v. to praise in a very strong and enthusiastic way 称赞,hail
accommodate,[ə'kɒmədeɪt],"(1)v. to make fit, suitable, or congruous 适应
(2)v. to make room for 容纳",
acknowledge,[əkˈnɒlɪdʒ],(1)v. to say that you accept or do not deny the truth or existence of  承认 (2)v. to regard or describe (someone or something as having or deserving a particular status 感激,concede
acute,[ə'kjut],"(1)adj. keenly perceptive or discerning 敏敏锐的
(2)adj. extremely sharp or severe 严峻的","incisive, severe"
adhere,[əd'hɪə],v. to give support or maintain loyalty 遵守,
adulation,[ˌædjuˈleɪʃn],n. excessive or slavish admiration or flattery 谄媚,"approbation, sycophant"
adversarial,[ˌædvəˈseəriəl],adj. involving two people or two sides who oppose each other 对⽴立的,antagonistic
aesthetic,[i:sˈθetɪk],"(1)adj. of or relating to art or beauty 审美的
(2)adj. pleasing in appearance 美观的",
affiliate,[ə'fɪlɪet],"(1)v. to associate as a member 接纳，使附属
(2)n. an organization that is a member of a larger organization 分⽀支机构",
agreeable,[əˈɡriəbəl],"(1)adj. pleasing to the mind or senses 令⼈人愉悦的
(2)adj. able to be accepted 合适的，可被接受的",excellent
alacrity,[əˈlækrəti],n. a quick and cheerful readiness to do something 乐意,
alleviate,[ə'livɪ'et],"v. to make less painful, difficult, or severe 减轻",mitigate
allure,[əˈlʊə],"(1)v. to entice by charm or attraction 引诱
(2)n. power to attract 魅⼒力力",charm
ameliorate,[ə'milɪə'ret],v. to make better or more tolerable 改善,
anathema,[əˈnæθəmə],n. someone or something that is very strongly disliked ⾮非常讨厌的⼈人或物,
animadversion,[ˌænɪmæd'vɜ:ʃən],n. a critical and usually censorious remark 批评,
annihilate,[ə'naɪəlet],v. to destroy completely 消灭，毁灭,destroy
anonymous,[əˈnɒnɪməs],"(1)adj. not named or identified ⽆无名的，匿匿名的
(2)adj. lacking individuality, distinction, or recognizability ⽆无个性的",obscure
antagonistic,[ænˌtægəˈnɪstɪk],adj. showing dislike or opposition 敌对的,"adversarial, inimical"
antediluvian,[ˌæntidɪˈlu:viən],adj. very old or old-fashioned 过时的,archaic
anthropogenic,[ˌænθrəpə'dʒnɪk],"adj. of, relating to, or resulting from the influence of human beings on nature ⼈人为的",
anticipate,[ænˈtɪsɪpeɪt],"(1)v. to think of (something that will or might happen in the future) 预期
(2)v. to do something before someone else 先于某⼈人做某事","prefigure, foresee"
antidote,[ˈæntidoʊt],n. a remedy to counteract the effects of poison 解药,
apocryphal,[əˈpɒkrɪfl],adj. of doubtful authenticity 虚假的,
apposite,[ˈæpəzɪt],adj. very appropriate 合适的,"fitting, germane"
appreciate,[ə'priʃɪet],"(1)v. to be grateful for 感激
(2)v. to understand the worth or importance of 理理解",
apprehend,[ˌæprɪˈhend],"(1)v. to grasp with the understanding 理理解
(2)v. to anticipate especially with anxiety, dread, or fear 担忧
(3)v. arrest, seize 逮捕",
appropriate,[əˈprəʊpriət],"(1)v. to take or use especially in a way that is illegal, unfair, etc. 挪⽤用
(2)adj. right or suited for some purpose or situation 合适的",borrow
arbitrary,[ˈɑːrbətreri],adj. not based on reason or evidence 随意的，武断的,capricious
arcane,[ɑ:ˈkeɪn],adj. secret or mysterious 难懂的,"esoteric, recondite, abstruse"
archaic,[ɑ:ˈkeɪɪk],adj. of or relating to ancient times 古⽼老老的,"antediluvian, outdated"
arrest,[əˈrest],"(1)v. to use the power of the law to take and keep 逮捕
(2)v. to stop the progress or movement of 阻⽌止
(3)v. to attract and hold the attention of 吸引",
artless,['ɑ:tlɪs],"(1)adj. not false or artificial 纯真的
(2)adj. lacking art, knowledge, or skill 朴素的",simplistic
ascetic,[əˈsetɪk],adj. relating to having a strict and simple way of living that avoids physical pleasure 苦⾏行行的,
assuage,[əˈswedʒ],v. to lessen the intensity of 减轻，缓和,
audacious,[ɔ'deʃəs],adj. very confident and daring ⼤大胆的,striking
augment,[ɔ:gˈment],"v. to make greater, more numerous, larger, or more intense 增加","extend, expand, enhance"
auspicious,[ɔ:ˈspɪʃəs],adj. showing or suggesting that future success is likely 有望成功的,favorable
austere,[ɔ'stɪr],adj. simple or plain 朴素的,
avaricious,[ˌævə'rɪʃəs],adj. excessively acquisitive especially in seeking to hoard riches 贪婪的,rapacious
avert,[əˈvɜ:t],"(1)v. to turn away or aside 转移
(2)v. to prevent from happening 防⽌止",forestall
baffle,['bæfl],v. to confuse completely 使困惑,
balloon,[bə'lun],v. to become bigger quickly 激增,
baneful,[ˈbeɪnfl],adj. causing destructive or serious damage 有害的,
banish,['bænɪʃ],v. to send away 驱逐,"expel, oust"
beholden,[bɪ'holdən],adj. being under obligation for a favor or gift ⽋欠…⼈人情的,indebted
belabor,[bɪ'lebə],"(1)v. to repeat or stress too much or too often 过分强调
(2)v. to attack or criticize 抨击",overemphasize
belligerent,[bi'lidʒərənt],adj. feeling or showing readiness to fight 好战的,pugnacious
bemoan,[bɪˈməʊn],v. to complain about 埋怨,
benign,[bɪ'naɪn],adj. showing kindness and gentleness 和善的,"innocuous, anodyne"
betoken,[bɪˈtəʊkən],v. to show 表示,signify
bland,[blænd],"(1)adj. not interesting or exciting 乏味的
(2)adj. showing no emotion, concern, etc. ⽆无动于衷的",insipid
blunt,[blʌnt],"(1)adj. having a thick edge or point 钝的
(2)adj. being straight to the point 直⾔言不不讳的",
boast,[bəʊst],"n. a statement in which you express too much pride in yourself or in something you have, have done, or are connected to in some way 吹嘘，⾃自夸",brandish
bogus,['bogəs],adj. not real or genuine 伪造的,
bolster,[ˈbəʊlstə],v. to give support to ⽀支持,"buttress, prop up"
bookish,['bʊkɪʃ],adj. more interested in reading books and studying than doing more physical activities 书呆⼦子⽓气的,
brandish,['brændɪʃ],v. to exhibit in a ostentatious or aggressive manner 炫耀,boast
bucolic,[bju:ˈkɒlɪk],adj. of or relating to the country or country life 乡村的,pastoral
budding,[ˈbʌdɪŋ],adj. being in an early stage of development 萌芽期的,nascent
buoy,[bɔɪ],v. to cause to feel happy or confident 使振奋,help
burgeon,['bɜːdʒən],v. to grow or develop quickly 迅速⽣生⻓长,"expand, flourish"
callous,[ˈkæləs],adj. not feeling or showing any concern about the problems or suffering of other people 冷酷⽆无情的,heartless
callow,[ˈkæləʊ],adj. lacking adult sophistication 不不成熟的,
calumny,[ˈkæləmni],n. an untrue statement that is made to damage someone’s reputation 诽谤,defamation
camaraderie,[ˌkæməˈrɑ:dəri],n. a feeling of good friendship among the people in a group 情谊，友情,solidarity
captivate,[ˈkæptɪveɪt],"v. to attract and hold the attention of by being interesting, pretty, etc. 迷住",enamor
caricature,['kærɪkətjʊə],n. someone or something that is very exaggerated in a funny or foolish way 夸张的描述,
caterwaul,[ˈkætəwɔ:l],v. to make a very loud and unpleasant sound 发出让⼈人不不爽的噪⾳音,shriek
censure,[ˈsenʃə],n. official strong criticism 谴责,reprehend
chagrin,[ˈʃægrɪn],n. a feeling of being frustrated or annoyed because of failure or disappointment 失望,vexation
champion,[ˈtʃæmpiən],v. to fight or speak publicly in support of ⽀支持,"defend, espouse, support"
chastise,[tʃæˈstaɪz],v. to criticize harshly for doing something wrong 严厉批评,castigate
check,[tʃek],n. a sudden stoppage of a forward course or progress 阻⽌止,stem
chic,[ʃi:k],adj. following the current fashion or style 时髦的,elegant
circuitous,[səˈkju:ɪtəs],"adj. not straight, short, and direct 拐弯抹⻆角的",indirect
circumscribe,[ˈsɜ:kəmskraɪb],v. to limit the size or amount of 限制,"confine, limit"
circumspect,[ˈsɜ:kəmspekt],adj. thinking carefully about possible risks before doing or saying something 谨慎的,"prudent, chary, cautious"
circumvent,[ˌsɜ:kəmˈvent],v. to avoid being stopped by 避开,"bypass, sidestep, skirt"
clandestine,[klænˈdestɪn],"adj. marked by, held in, or conducted with secrecy 秘密的","covert, surreptitious"
cloak,[klok],v. to hide or disguise 掩盖,
clumsy,[ˈklʌmzi],adj. awkward or inefficient in use or construction 笨拙的,
cluster,[ˈklʌstə],v. to come together to form a group 聚集,
coalesce,"[,koə'lɛs]",v. to come together to form one group or mass 合并,
collective,[kəˈlektɪv],adj. shared or done by a group of people 共同的，集体的,
commensurate,[kəˈmɛnsərɪt],"adj. equal or similar to something in size, amount, or degree 相称的",proportionate
commonplace,[ˈkɒmənpleɪs],"(1)n. something that happens or appears in many places and is not unusual 常⻅见
(2)n. an obvious or trite comment 陈词滥调",pervasive
compelling,[kəmˈpelɪŋ],"(1)adj. very interesting 激发兴趣的
(2)adj. capable of causing someone to believe or agree 令⼈人信服的
(3)adj. strong and forceful 强⼤大的",interesting
composed,[kəmˈpəʊzd],adj. calm and in control of your emotions 镇定的,"unperturbed, collected, coolheaded"
comprehensive,[ˌkɒmprɪˈhensɪv],adj. covering completely or broadly 全⾯面的,"exhaustive, sweeping, generic, inclusive"
compulsory,[kəmˈpʌlsəri],"adj. mandatory, enforced 强迫的",
compunction,[kəmˈpʌŋkʃn],n. a feeling of guilt or regret 后悔悔,
conciliatory,[kənˈsɪliətəri],adj. willing to end a disagreement with someone 愿意和解的,placatory
concoct,[kənˈkɒkt],"(1)v. to make by mixing different things together 混合⽽而制
(2)v. to invent or develop 编造",
condemn,[kənˈdem],v. to say in a strong and definitive way that someone or something is bad or wrong 谴责,decry
confine,[kənˈfaɪn],v. to keep within limits 限制,"limit, circumscribe"
confound,[kənˈfaʊnd],"(1)v. to surprise and confuse 使迷惑
(2)v. to prove wrong 证明…有误","perplex, flummox"
confront,[kən'frʌnt],v. to oppose or challenge especially in a direct and forceful way 与...对峙,
consensus,[kənˈsensəs],n. a general agreement about something ⼀一致意⻅见,accord
consummate,['kɑnsəmət],adj. complete in every detail 完美的,
contemplate,[ˈkɒntəmpleɪt],v. to think deeply or carefully about 深⼊入思考,ponder
contemptuous,[kən'tɛmptʃuəs],adj. feeling or showing deep hatred or disapproval 轻蔑的,disdainful
contentious,[kənˈtenʃəs],"(1)adj. likely to cause people to argue or disagree 引起争议的
(2)adj. likely or willing to argue 好争议的",controversial
contingent,[kənˈtɪndʒənt],adj. depending on something else that might or might not happen 取决于,circumstantial
contract,[ˈkɒntrækt],"(1)v. to become smaller 收缩
(2)n. a legal agreement between people, companies, etc. 合同
(3)v. to become affected with 感染",dwindle
contravene,[ˌkɒntrəˈvi:n],v. to fail to do what is required by 触犯,violate
controversial,[ˌkɒntrəˈvɜ:ʃl],"adj. relating to or causing much discussion, disagreement, or argument
有争议的",contentious
convoluted,[ˈkɒnvəlu:tɪd],adj. very complicated and difficult to understand 复杂难解的,"intricate, tortuous"
convulsion,[kənˈvʌlʃn],"n. a sudden change or disturbance that affects a country, organization, etc. 动乱",upheaval
corroborate,[kə'rɑbəret],v. to support with evidence or authority 证实,
counterpart,[ˈkaʊntəpɑ:t],"n. someone or something that has the same job or purpose as another
对应的⼈人或物",parallel
covet,['kʌvɪt],v. to want very much 贪求,envy
crass,[kræs],adj. having or showing no understanding of what is proper or acceptable 愚钝的,
crestfallen,['krestfɔːlən],adj. very sad and disappointed 不不⾼高兴的,disgruntled
crumble,['krʌmbl],v. to break into small pieces 崩溃，破碎,disintegrate
cunning,['kʌnɪŋ],adj. getting what is wanted in a clever and often deceptive way 狡猾的,crafty
cursory,[ˈkɜ:səri],adj. done or made quickly 草率的,"perfunctory, casual"
curt,[kɜ:t],"(1)adj. sparing of words 话少的
(2)adj. marked by rude or peremptory shortness 唐突⽆无礼的","laconic, terse, taciturn"
curtail,[kɜː'teɪl],v. to reduce or limit 缩减,mitigate
daunting,[dɔ:ntɪŋ],adj. tending to make people afraid or less confident 使⼈人畏惧的,"formidable, sensational,
forbidding"
dearth,[dɜ:θ],n. the state or condition of not having enough of something 缺乏,"paucity, modicum"
debunk,[ˌdi:ˈbʌŋk],v. to show that something is not true 揭露露…为假,
decay,[dɪˈkeɪ],"n. the process or result of being slowly destroyed by natural precesses
腐朽",deterioration
decrepitude,[dɪˈkrepɪtju:d],n. the state of being old and in bad condition or poor health 衰⽼老老，⽼老老朽,senescence
defame,[di'feim],v. to hurt the reputation of especially by saying things that are false or unfair 诽谤,
deflate,[dɪˈfleɪt],v. to reduce or cause to contract 使减少,soothe
deft,[deft],adj. skillful and clever 灵巧的,canny
defy,[dɪˈfaɪ],v. to confront with assured power of resistance 蔑视,"disregard, flout"
deleterious,['dɛlə'tɪrɪəs],adj. damaging or harmful 有害的，有毒的,"counterproductive, detrimental, devastating"
deliberate,[dɪˈlɪbərət],"(1)v. to think about or discuss something very carefully in order to make a decision 深思熟虑
(2)adj. done or said in a way that is planned or intended 故意的
(3)adj. done or decided after careful thought 谨慎的",calculated
demanding,[dɪˈmɑ:ndɪŋ],"adj. requiring much time, effort, or attention 苛求的",exacting
demise,[dɪˈmaɪz],n. the end of something that is thought of as being like a death 终⽌止，死亡,
deplete,[dɪˈpli:t],v. to empty of a principal substance 耗尽,
derivative,[dɪˈrɪvətɪv],adj. not new or original ⾮非原创的,
detached,[dɪ'tætʃt],adj. not influenced by emotions or personal interest 公正客观的,
deter,[dɪˈtɜ:],"(1)v. to prevent from happening 阻⽌止
(2)v. to cause to decide not to do something 威慑",constrain
detract,[dɪˈtrækt],"(1)v. to speak ill of 贬低
(2)v. to take away 减损",deprecate
diatribe,[ˈdaɪətraɪb],n. an angry and usually long speech or piece of writing that strongly criticizes someone or something 抨击,rant
diffuse,[dɪˈfju:s],"(1)adj. spread out over a large space 分散的
(2)adj. to spread out 传播
(3)adj. being at once verbose and ill-organized 话多的","spread, disperse, wordy"
diminutive,[dɪˈmɪnjətɪv],adj. very small 极⼩小的,minuscule
discredit,[dɪs'kredɪt],v. to damage the reputation of 使丧失信誉,
discrepancy,[dɪs'krɛpənsi],n. a difference especially between things that should be the same ⽭矛盾,incongruity
disdain,[dɪsˈdeɪn],n. a feeling of contempt for someone or something regarded as unworthy or inferior 鄙视,"opprobrium, contempt"
disgorge,[dɪsˈgɔ:dʒ],v. to let out or release 排出,dump
disgruntle,[dɪs'ɡrʌntl],v. to make ill-humored or discontented 使不不⾼高兴,crestfallen
disintegrate,[dɪs'ɪntɪɡret],v. to break apart into many small parts or pieces 瓦解,crumble
disinterested,[dɪsˈɪntrəstɪd],"(1)adj. not influenced by personal feelings, opinions, or concerns 公正的
(2)adj. not interested 没有兴趣的","fair, impartial"
dismantle,[dɪs'mæntl],v. to take apart so that it is in separate pieces 拆除,
disorganize,[dɪs'ɔ:gənaɪz],v. to destroy or interrupt the orderly structure or function of 扰乱,
disparage,[dɪˈspærɪdʒ],"v. to describe as unimportant, weak, bad, etc. 贬低",slight
dispassionate,[dɪs'pæʃənət],adj. not affected by personal or emotional involvement 公正客观的，冷静客观的,"temperate, analytical"
displace,[dɪsˈpleɪs],"(1)v. to take the job or position of 取代
(2)v. to force to leave the area where they live 迫使离开",obviate
dispute,[dɪˈspju:t],"(1)v. to engage in argument 争吵
(2)v. to call into question 质疑",
dissemble,[di'sembl],"v. to hide your true feelings, opinions, etc. 伪装",duplicity
distinctive,[dɪˈstɪŋktɪv],adj. having a quality or characteristic that makes a person or thing different from others 特别的,
divergent,[daɪ'vɜːdʒənt],adj. differing from each other or from a standard 不不同的,
divest,"[dɪˈvɛst, daɪ-]",v. to deprive or dispossess 剥夺,strip
dogmatic,[dɒgˈmætɪk],adj. expressing personal opinions or beliefs as if they are certainly correct and cannot be doubted 武断的，教条主义的,"doctrinaire, rigid"
doom,[du:m],"(1)n. very bad events or situations that cannot be avoided 厄运
(2)v. to make certain to fail, suffer, die, etc. 使...在劫难逃",
dovish,[ˈdʌvɪʃ],"adj. in favor of using peaceful and diplomatic methods to achieve something, rather than using force and violence 和平主义的",pacific
downplay,[ˌdaʊnˈpleɪ],v. to make seem smaller or less important 不不予重视,
droll,[drəʊl],adj. having an odd and amusing quality 滑稽的,
dubious,[ˈdju:biəs],"(1)adj. unsure or uncertain 不不确定的
(2)adj. causing doubt, uncertainty, or suspicion 可疑的",suspect
dull,[dʌl],adj. not exciting or interesting 乏味的,
ebb,[eb],v. to get worse 衰退,"wane, decline"
economy,[ɪˈkɑnəmɪ],"n. careful use of money, resources, etc. 节约",brevity
effusive,[ɪˈfju:sɪv],adj. expressing a lot of emotion 溢于⾔言表的，感情丰富的,emotional
egalitarian,[iˌgælɪˈteəriən],"adj. aiming for equal wealth, status, etc. 平等主义的",
egregious,[ɪˈgri:dʒiəs],adj. very bad and easily noticed 臭臭名昭著的,flagrant
elate,[ɪ'leɪt],v. to make very happy and excited 使...⾼高兴,
elicit,[iˈlɪsɪt],v. to call forth or draw out 引出,draw out
eliminate,[ɪˈlɪmɪneɪt],"(1)v. to remove (something that is not wanted or needed) 消除
(2)v. to defeat and remove from a competition 淘汰","extirpate, put to rest"
elude,[iˈlu:d],"(1)v. to avoid or escape by being quick, skillful, or clever 避开
(2)v. to fail to be understood or remembered by 不不能被...理理解",puzzle
elusive,[iˈlu:sɪv],"(1)adj. hard to find or capture 难抓住的
(2)adj. hard to understand, define, or remember 难理理解的","slippery, evasive, cryptic"
emblematic,[ˌembləˈmætɪk],adj. representing something that cannot be seen by itself 象征的,totemic
embody,[ɪmˈbɒdi],"(1)v. to represent in a clear and obvious way 象征
(2)v. to include as a part of feature 包括",
emendation,[ˌi:menˈdeɪʃn],n. an alteration designed to correct or improve 修订,revision
eminent,['emɪnənt],"adj. successful, well-known and respected 杰出的",famous
emulate,[ˈemjuleɪt],"(1)v. to try to be like 模仿
(2)v. to strive to equal or excel 努⼒力力赶超",imitate
encomium,[enˈkəʊmiəm],n. glowing and warmly enthusiastic praise 赞美,tribute
endorse,[ɪnˈdɔ:s],v. to publicly or officially say that you support or approve of ⽀支持,"sanction, commend, support, authorize"
enigmatic,[ˌenɪgˈmætɪk],adj. full of mystery and difficult to understand 神秘难懂的,perplexing
ensue,[ɪn'su],v. to happen as a result 随即发⽣生,
entangle,[ɪn'tæŋgl],v. to cause to get caught in or twisted with something else 使纠缠,
equable,['ekwəbl],adj. tending to remain calm 平静的,
equivocal,[ɪ'kwɪvəkl],adj. not easily understood or explained 模棱两可的,ambiguous
erode,[ɪˈrəʊd],v. to diminish or destroy by degrees 腐蚀,
errant,[ˈerənt],"(1)adj. moving about aimlessly or irregularly 不不定的
(2)adj. behaving wrongly ⾏行行为错误的",wayward
erroneous,[ɪ'ronɪəs],adj. not correct 错误的,inaccurate
erstwhile,[ˈɜ:stwaɪl],adj. in the past 过去的,onetime
esoteric,[ˌesəˈterɪk],adj. hard to understand 深奥难懂的,"recondite, arcane,
abstruse"
espouse,[ɪˈspaʊz],v. to express support for 拥护,"champion, advocate, defend"
euphoria,[ju:ˈfɔ:riə],n. a feeling of great happiness and excitement 狂喜,ecstasy
evasive,[ɪˈveɪsɪv],adj. tending or intended to evade: equivocal 逃避的，闪烁其词的,"elusive, equivocal"
evenhanded,['i:vən'hændɪd],adj. not favoring one side or group over another 公平的,impartial
exacerbate,[ɪɡ'zæsɚbet],"v. to make more violent, bitter, or severe 使恶化",aggravate
exacting,[ɪgˈzæktɪŋ],"adj. requiring much time, attention, or effort from someone 严格的","prescriptive, rigorous, demanding"
exactitude,[ɪgˈzæktɪtju:d],n. the quality or state of being accurate and correct 精确性,meticulousness
exalt,[ɪgˈzɔ:lt],v. to praise highly 赞扬,valorize
exculpate,[ˈekskʌlpeɪt],"v. to prove that someone is not guilty of doing something wrong 开脱罪
⾏行行",vindicate
exhaustive,[ɪgˈzɔ:stɪv],adj. very thorough 全⾯面的,"encyclopedic, comprehensive"
exhilarate,[ɪɡˈzɪləˌret],v. to make cheerful and excited 使兴奋,
exiguous,[egˈzɪgjuəs],adj. excessive scanty 稀少的,tenuous
exonerate,[ɪgˈzɒnəreɪt],"v. to prove that someone is not guilty of a crime or responsible for a problem, bad situation, etc. 免罪",absolve
expel,[ɪkˈspel],v. to officially force to leave a place or organization 开除，驱逐,oust
experimental,[ɪkˌsperɪˈmentl],"(1)adj. relating to a scientific experiment or to scientific experiments in general 实验的
(2)adj. using a new way of doing or thinking about something 创新的",innovative
explicit,[ɪkˈsplɪsɪt],"(1)adj. fully revealed or expressed without vagueness, implication, or ambiguity 直截了了当的
(2)adj. fully developed or formulated 详述的",
exploit,[ɪkˈsplɔɪt],"(1)v. to get value or use form 利利⽤用
(2)v. to use in a way that helps you unfairly 剥削",
extol,[ɪkˈstəʊl],v. to praise highly 赞扬,applaud
extraneous,[ɪkˈstreɪniəs],adj. not forming a necessary part of something ⽆无关的,irrelevant
facile,[ˈfæsaɪl],adj. not showing enough thought or effort 肤浅的，轻率的,
facilitate,[fəˈsɪlɪteɪt],v. help bring about 促进，加快,further
fastidious,[fæ'stɪdɪəs],adj. showing or demanding excessive delicacy or care 挑剔的，极其注重细节的,
fathom,[ˈfæðəm],v. to penetrate and come to understand 理理解,
fealty,['fiːəltɪ],"n. loyalty to a person, group, etc. 忠诚",
feckless,['feklɪs],adj. having or resulting from a weak character or nature 软弱的,
feeble,[ˈfi:bl],adj. markedly lacking in strength 虚弱的,
fester,['festə],v. to become worse as time passes 恶化,
fickle,['fɪkl],adj. changing often 善变的,"versatile, volatile, flighty, erratic, capricious"
figurative,[ˈfɪgərətɪv],adj. showing people and things in a way that resembles how they really look ⽐比喻的，象征的,symbolic
fleeting,['flitɪŋ],adj. lasting for only a short time 短暂的,momentary
flourish,[ˈflʌrɪʃ],"(1)v. to grow well 繁茂
(2)v. to be very successful 兴旺
(3)v. to hold up and show in an excited or proud way 炫耀",
flout,[flaʊt],v. to break or ignore without hiding what you are doing or showing fear of shame 公然藐视,"spurn, defy, disregard"
fluctuate,[ˈflʌktʃueɪt],"v. to change level, strength, or value frequently 波动，摇摆不不定","vary, vacillate"
flummery,[ˈflʌməri],"n. mummery, mumbo jumbo 假恭维，胡⾔言乱语",
forbear,[fɔ:ˈbeə],v. to choose not to do 克制,
forerunner,[ˈfɔ:rʌnə],"(1)n. someone or something that comes before another 先驱
(2)n. a sign of something that is going to happen 预兆",precursor
foresight,['fɔːsaɪt],n. the ability to see what will or might happen in the future 先⻅见之明,
forestall,[fɔ:ˈstɔ:l],"(1)v. to stop from happening or to cause to happen at a later time 预先阻⽌止
(2)v. to act before in order to prevent something 提前⾏行行动","stave off, avert, prevent"
forgo,[fɔ:'ɡəʊ],v. to give up the use or enjoyment of 放弃,
formulaic,[ˌfɔ:mjuˈleɪɪk],adj. being not original and having been used many times before in similar situations ⽼老老套的，公式化的,canned
forsake,[fəˈseɪk],v. to give up or leave entirely 抛弃,neglect
fraudulent,['frɔdʒələnt],adj. done to trick someone for the purpose of getting something valuable 欺骗性的,malfeasant
fringe,[frɪndʒ],"n. edge, periphery 边缘","marginal, peripheral"
frugal,['fruɡl],adj. simple and plain 简朴的,thrifty
fusty,[ˈfʌsti],"(1)adj. full of dust and unpleasant smells 霉臭臭的
(2)adj. very old-fashioned 守旧的","obsolete, outmoded"
futile,['fjʊtaɪl],adj. pointless or useless ⽆无⽤用的,pointless
gainsay,[ɡenˈse],v. to declare to be untrue or invalid 否认,
garrulous,[ˈgærələs],adj. tending to talk a lot 喋喋不不休的,loquacious
gauge,[ɡeɪdʒ],"(1)v. to measure exactly 估计，判断
(2)n. an instrument that is used for measuring something 衡量量仪器器",reckon
genial,[ˈdʒi:niəl],adj. kind and friendly 友善的,friendly
glean,[gli:n],v. to gather or collect in a gradual way 搜集，获取,obtain
gloomy,[ˈglu:mi],adj. sad or depressed 忧郁的,"lugubrious, cheerless"
gregarious,[grɪ'geərɪəs],"(1)adj. marked by or indicating a liking for companionship 爱交际的
(2)adj. growing in a cluster or colony 群居的",sociable
hail,[heɪl],v. to greet with enthusiastic approval 称赞,acclaim
half-formulated,[hɑ:f ˈfɔ:mjuleɪted],adj. 半成品的,
hamstring,[ˈhæmstrɪŋ],v. to damage or ruin the force or effectiveness of 使⽆无能为⼒力力,impair
haphazard,[hæpˈhæzəd],"adj. having no plan, order, or direction 随意的","random, helter-skelter"
hasty,[ˈheɪsti],adj. fast and typically superficial 匆忙的，草率的,"impulsive, rapid"
hedge,[hedʒ],v. to avoid giving a promise or direct answer 回避,
heterodox,['hetərəʊdɒks],adj. not agreeing with established beliefs or standards 异端的,iconoclastic
heterogeneous,[ˌhetərəˈdʒi:niəs],adj. made up of parts that are different 各种各样的,"disparate, dissimilar"
high-minded,[hai ˈmaindid],adj. having strong moral principles ⾼高尚的,
hitch,[hɪtʃ],n. a hidden problem that makes something more complicated or difficult to do 故障,snag
hodgepodge,[ˈhɒdʒpɒdʒ],n. a mixture of different things ⼤大杂烩,"patchwork, welter, pastiche"
humility,[hju:ˈmɪləti],n. the quality or state of not thinking you are better than other people 谦逊,modesty
hyperbole,[haɪˈpɜ:bəli],"n. language that describes something as better or worse than it really is
夸⼤大",exaggeration
ideologue,['aɪdɪəlɔɡ],n. someone who very strongly supports and is guided by the ideology of a particular group 狂热⽀支持某种理理念的⼈人,zealot
imbibe,[ɪmˈbaɪb],"(1)v. to drink alcohol 饮酒
(2)v. to receive into the mind and retain 吸收，接受",quaff
immense,[ɪˈmens],adj. very great in size or amount 巨⼤大的,colossal
impair,[ɪmˈpeə],v. to make weaker or worse 损害,"hamstring, undermine, vitiate, compromise, undercut"
impartial,[ɪmˈpɑ:ʃl],adj. treating all people and groups equally 公正的,"evenhanded, disinterested, fair, detachment"
impassioned,[ɪmˈpæʃnd],adj. showing or feeling very strong emotions 热情的,fiery
impede,[ɪmˈpi:d],"v. to slow the movement, progress, or action of 阻碍",hamper
imperil,[ɪmˈpɛrəl],v. to bring into peril: endanger 危及,
impolitic,[ɪm'pɒlɪtɪk],adj. unwise 不不明智的,tactless
impotent,['ɪmpətənt],adj. lacking power or strength ⽆无能的，⽆无⼒力力的,
improvise,['ɪmprəvaɪz],v. to speak or perform without preparation 即兴创作,
impudent,['ɪmpjʊdənt],adj. failing to show proper respect and courtesy 放肆⽆无礼的,
impugn,[ɪmˈpju:n],v. to assail by words or argument 指责,
inclusive,[ɪnˈklu:sɪv],"(1)adj. covering or including everything 全包括的
(2)adj. including the stated limits and everything in between 包括⾸首尾两项的","generic, all- encompassing"
incursion,[ɪnˈkɜ:ʃn],n. a sudden invasion or attack ⼊入侵,
indebted,[ɪn'detɪd],adj. owing gratitude or recognition to another 感激的,beholden
indifferent,[ɪnˈdɪfrənt],"(1)adj. not interested in or concerned about something 冷漠的
(2)adj. marked by impartiality 公正的",apathy
indiscernible,[ˌɪndɪˈsɜ:nəbl],"adj. impossible to see, hear, or know clearly 难以理理解的",imperceptible
indispensable,[ɪndɪ'spensəbl],adj. extremely important and necessary 不不可或缺的,"essential, crucial"
induce,[ɪn'dus],v. to cause to do something 引起,engender
inevitable,[ɪnˈevɪtəbl],adj. sure to happen 必然的,"unavoidable, preordained, ineluctable"
infectious,[ɪnˈfekʃəs],"(1)adj. capable of causing infection 传染性的
(2)adj. spreading or capable of spreading rapidly to others 有感染⼒力力的",
inflammatory,[ɪnˈflæmətri],adj. causing anger 煽动性的,provocative
ingenuous,[ɪnˈdʒenjuəs],"(1)adj. showing innocent or childlike simplicity and candidness 天真的
(2)adj. lacking craft or subtlety 真诚的",
innate,[ɪ'neɪt],adj. existing from the time a person or animal is born 天⽣生的,inborn
innocuous,[ɪˈnɒkjuəs],"(1)adj. causing no injury ⽆无害的
(2)adj. not likely to bother or offend anyone ⽆无意冒犯的","harmless, benign, inoffensive"
insatiable,[ɪn'seɪʃəbl],adj. always wanting more 不不满⾜足的,"voracious, quenchless"
inscrutable,[ɪnˈskru:təbl],adj. difficult to understand 难以理理解的,"uninformative, impenetrable, abstruse"
insightful,[ˈɪnsaɪtfʊl],"adj. having or showing a very clear understanding of something 有洞洞察
⼒力力的",
insipid,[ɪnˈsɪpɪd],adj. not interesting or exciting 枯燥乏味的,bland
insufferable,[ɪnˈsʌfrəbl],adj. not to be endured: intolerable 难以忍受的,
insular,[ˈɪnsjələ],adj. separated from other people or cultures 狭隘的,"provincial, private"
insulate,[ˈɪnsjuleɪt],"v. to keep separate from something unpleasant, dangerous, etc. 隔离，绝缘（不不利利的东⻄西）",
intelligible,[ɪnˈtelɪdʒəbl],adj. able to be understood 可理理解的,readable
interchangeable,[ˌɪntəˈtʃeɪndʒəbl],adj. capable of being used in place of each other 可交换的,fungible
intermediary,[ˌɪntərˈmi:dieri],adj. acting as a mediator 调解的，中间的,
invalidate,[ɪnˈvælɪdeɪt],"(1)v. to weaken or destroy the effect of 使⽆无效
(2)v. to show or prove to be false or incorrect 证明…错误",
invective,[ɪnˈvɛktɪv],n. insulting or abusive language 猛烈烈抨击,
inverse,[ˌɪnˈvɜ:s],"(1)adj. opposite in nature or effect 相反的
(2)n. something that is the opposite of something else 相反事物，相反数（数学）",
involved,[ɪn'vɒlvd],adj. very complicated 复杂的,
itinerant,[aɪˈtɪnərənt],adj. traveling from place to place 流动的，巡回的,peripatetic
jejune,[dʒɪˈdʒu:n],"(1)adj. not interesting 乏味的
(2)adj. too simple 幼稚的",vapid
jettison,[ˈdʒetɪsn],v. to get rid of 丢弃,
kinfolk,['kɪnfəʊk],n. a person's relatives 亲戚,relative
knotty,[ˈnɒti],adj. difficult or complicated 复杂的，棘⼿手的,complicated
laborious,[lə'bɔːrɪəs],adj. devoted to labor 勤勤劳的,arduous
lambaste,[læm'beɪst],v. to criticize very harshly 严厉批评,"denounce, deride"
lapse,[læps],"(1)n. an occurrence in which you fail to think or act in the usual or proper way for a brief time and make a mistake 错误
(2)n. an occurrence in which someone behaves badly or usually  a short period of time ⾏行行为失检
(3)v. to stop for usually a brief time 终⽌止",
laudatory,[ˈlɔ:dətəri],adj. expressing or containing praise 赞美的,
layperson,['leipə:sən],n. a member of the laity ⻔门外汉,nonspecialist
legitimate,[lɪ'dʒɪtɪmət],adj. allowed according to rules or laws 合法的,
lethargic,[lə'θɑ:dʒɪk],adj. feeling a lack of energy or a lack of interest in doing things ⽆无精打采的,"somnolent, slumberous"
list,[lɪst],v. to tile to one side especially of a boat of ship 倾斜,tilt
loath,[ləʊθ],adj. not wanting or willing to do something 不不情愿的,"reluctant, unwilling, disinclined"
long-winded,['lɔŋ'wɪndɪd],adj. using too many words in speaking or writing 冗⻓长的,"verbose, prolix"
loquacious,[ləˈkweɪʃəs],adj. liking to talk and talking smoothly and easily 健谈的,garrulous
lucid,[lu:'sɪd],adj. very clear and easy to understand 清晰的，易易懂的,
ludicrous,['ludɪkrəs],adj. very foolish 荒唐可笑的,risible
madcap,[ˈmædkæp],"adj. marked by capriciousness, recklessness, or foolishness 愚蠢的，鲁莽的",
magnanimous,[mæɡˈnænəməs],adj. showing or suggesting nobility of feeling and generosity of mind 宽宏⼤大量量的，慷慨的,
malady,[ˈmælədi],n. a disease or illness 疾病,
malfeasance,[ˌmæl'fi:zəns],n. wrongdoing or misconduct especially by a public official 渎职,fraudulence
malleable,[ˈmæliəbl],adj. capable of being easily changed or influenced 可塑的，易易变的,plastic
manipulate,[məˈnɪpjuleɪt],v. to use or change in a skillful way or for a particular purpose 控制，操纵,
marginal,[ˈmɑ:dʒɪnl],"(1)adj. not very important 不不重要的
(2)adj. not included in the main part of society or of a group 边缘的",peripheral
martinet,"[,mɑːtɪ'net]",n. a person who is very strict and demands obedience from others 严格执⾏行行纪律律的⼈人,
materialize,[məˈtɪəriəlaɪz],"(1)v. to become visible 显现
(2)v. to begin to happen or exist 实现",
maverick,[ˈmævərɪk],n. a person who refuses to follow the customs or rules of a group 特⽴立独⾏行行的⼈人,nonconformist
measured,[ˈmeʒəd],adj. done with thought and care 慎重的,
mediate,[ˈmidiˌet],v. to effect by action as an intermediary 调解,influence
meld,[meld],"v. merge, blend 混合",combine
metaphor,[ˈmetəfə],"(1)n. a figure of speech in which a word or phrase literally denoting one kind of object or idea is used in place of another to suggest a likeness or analogy between them 隐喻
(2)n. an object, activity, or idea that is used as a symbol of something
else 象征",
meticulous,[məˈtɪkjələs],adj. very careful about doing something in a extremely accurate and exact way 周密的，⼀一丝不不苟的,"thorough, exact, painstaking"
mimic,[ˈmɪmɪk],"(1)v. to copy especially of humor 模仿
(2)v. to naturally look like 和...相似","camouflage, replicate"
minuscule,[ˈmɪnəskju:l],adj. very small 极⼩小的,diminutive
misconception,[ˌmɪskənˈsepʃn],n. an idea that is not correct 错误观念,
misgiving,"[,mis'ɡiviŋ]","n. a feeling of doubt or suspicion especially concerning a future event
疑虑，担忧","trepidation, qualm"
misuse,[ˌmɪsˈju:z],"(1)v. to use incorrectly 误⽤用
(2)v. abuse, mistreat 虐待",abuse
mitigate,[ˈmɪtɪgeɪt],"v. to make less severe, harmful, or painful 缓和","abate, curtail, temper, ameliorate"
mockery,[ˈmɒkəri],n. insulting or contemptuous action or speech 嘲笑,derision
modicum,[ˈmɒdɪkəm],n. a small amount 少量量,dearth
mollify,[ˈmɒlɪfaɪ],v. to make less angry 平息，抚慰,
monolithic,[ˌmɒnə'lɪθɪk],"(1)adj. consisting of or constituting a single unit 单⼀一的
(2)adj. constituting a massive undifferentiated and often rigid whole 单⼀一庞⼤大的",
morbid,['mɔrbɪd],adj. not healthy or normal 病态的,
mount,[maʊnt],v. to increase in amount 增加,
muddle,[ˈmʌdl],"(1)v. to cause confusion in 使...混乱
(2)n. a state of confusion or disorder 混乱",confuse
nebulous,[ˈnebjələs],adj. not clear 模糊的,vague
negligent,['neɡlɪdʒənt],"adj. failing to take proper or normal care of something or someone 疏忽
⼤大意的",
negligible,['nɛɡlɪdʒəbl],adj. very small or unimportant 微不不⾜足道的，不不重要的,"insignificant, inconsequential, trifling"
no-nonsense,['nəu'nɔnsəns],adj. very serious about doing things in a direct and efficient way without any foolishness or nonsense 严肃的，⾼高效⼲干练的,businesslike
noisome,[ˈnɔɪsəm],adj. offensive to the senses and especially to the sense of smell 令⼈人讨厌的，恶臭臭的,malodorous
nonchalant,"[,nɑnʃə'lɑnt]",adj. having an air of easy unconcern or indifference 冷漠的,insouciant
nostalgia,[nə'stældʒə],(1)n. pleasure and sadness that is caused by remembering something from the past and wishing that you could experience it again 怀旧 (2)n. the state of being homesick 思乡,
novice,[ˈnɒvɪs],n. a person who has just started learning or doing something 新⼿手,tyro
noxious,['nɑkʃəs],adj. harmful to living things 有害的，有毒的,
nuance,['nju:ɑ:ns],"n. a very small difference in color, tone, meaning, etc. 细微差别",subtlety
numinous,[ˈnju:mɪnəs],"adj. having a mysterious, holy, or spiritual quality 神圣的
adj. supernatural, mysterious 超⾃自然的，神秘的",occult
obdurate,[ˈɒbdjərət],adj. refusing to do what other people want 固执的,"intransigent, fortitude"
obeisance,[əʊˈbeɪsns],n. respect for someone or something 尊敬,
obfuscate,[ˈɒbfʌskeɪt],v. to make more difficult to understand 混淆，使迷惑,"obscure, mystify"
objectionable,[əbˈdʒekʃənəbl],adj. causing people to be offended 令⼈人反感的,
objective,[əbˈdʒektɪv],adj. based on facts rather than feelings or opinions 客观的，公正的,fair
obligatory,[əˈblɪgətri],"(1)adj. required by a law or rule 强制性的
(2)adj. always or often included as a familiar and expected part of something 习惯性的",
obliterate,[əˈblɪtəreɪt],v. to destroy completely so that nothing is left 清除，摧毁,
obsequious,[əbˈsi:kwiəs],adj. too eager to help or obey someone important 谄媚的,sycophantic
obtrusive,[əbˈtru:sɪv],adj. noticeable in an unpleasant or annoying way 惹眼的,conspicuous
obviate,[ˈɒbvieɪt],v. to make no longer necessary 避免，取消,
occlude,[əˈklu:d],v. to close up or block off 阻闭,
ominous,[ˈɒmɪnəs],adj. suggesting that something bad is going to happen in the future 不不祥的,inauspicious
omnipresent,"[,ɑmnɪ'prɛznt]",adj. present in all places at all times ⽆无处不不在的,"ubiquitous, universal"
onerous,[ˈəʊnərəs],adj. difficult and unpleasant to do or deal with 繁重的,burdensome
onset,[ˈɒnset],n. the beginning of something 开始,
opaque,[əʊˈpeɪk],"(1)adj. not letting light through 不不透明的
(2)adj. difficult to understand or explain 难懂的","obscure, inaccessible"
oppressive,[əˈpresɪv],"(1)adj. very cruel or unfair 残酷的
(2)adj. overwhelming or depressing to the spirit or senses 令⼈人窒息的",
opprobrium,[əˈprəʊbriəm],"(1)n. very strong disapproval or criticism of a person or thing especially by a large number of people 谴责
(2)n. something that brings disgrace 耻辱","disdain, vitriol"
optimism,['ɒptɪmɪzəm],n. a feeling or belief that good things will happen in the future 乐观,
orientation,[ˌɔ:riənˈteɪʃn],"n. a main interest, quality, or goal ⽬目标，态度",bias
orthodox,['ɔrθədɑks],adj. accepted as true or correct by most people 正统的,
oust,[aʊst],"(1)v. to cause or force to leave a position of power, a competition, etc.
罢黜，驱逐
(2)v. to take the place of 取代","expel, banish"
outdo,[ˌaʊtˈdu:],v. to be better than 超过,eclipse
outmoded,[aʊt'məʊdɪd],adj. not modern or current 过时的,"unfashionable, obsolete, fusty"
overshadow,[əʊvə'ʃædəʊ],v. to exceed in importance 超越,"outlast, obscure"
overstate,[əʊvə'steɪt],v. to say that is larger or greater than it really is 夸⼤大,
overthrow,[ˌəʊvəˈθrəʊ],v. to remove from power especially by force 推翻，废除,
pacific,[pəˈsɪfɪk],adj. loving peace 和平主义的,dovish
painstaking,[ˈpeɪnzteɪkɪŋ],adj. showing or done with great care and effort 煞费苦⼼心的,meticulous
palliate,[ˈpælieɪt],"(1)v. to moderate the intensity of 减轻
(2)v. the cover by excuses and apologies 辩解","damp, allay"
panacea,[ˌpænəˈsi:ə],n. something that will make everything about a situation better 万能药,"remedy, cure-all"
parity,[ˈpærəti],n. the quality or state of being equal or equivalent 平等，相等,equality
parochial,[pəˈrəʊkiəl],adj. limited to only the things that affect your local area 狭隘的,provincial
partisan,['pɑrtəzn],"adj. devoted to or biased in support of a party, group, or cause 有偏⻅见的",
patent,['pætnt],"(1)n. an official document conferring a right or privilege 专利利
(2)adj. obvious or clear 显⽽而易易⻅见的",
pathetic,[pə'θetɪk],adj. causing feelings of sadness and sympathy 可怜的,
peculiar,[pɪ'kjuːlɪə],adj. not usual or normal 奇怪的,
pecuniary,[pɪˈkju:niəri],adj. of or relating to money ⾦金金钱的,economic
pejorative,[pɪ'dʒɔrətɪv],adj. insulting to someone or something 轻蔑的,
penalty,[ˈpenəlti],"(1)n. punishment for breaking a rule or law 处罚
(2)n. a disadvantage or difficulty you experience 不不利利结果",
perennial,[pəˈreniəl],adj. existing or continuing in the same way for a long time 持久的,long-standing
perilous,[ˈperələs],adj. full of danger 危险的,"dangerous, precarious"
peripatetic,[ˌperipəˈtetɪk],"adj. pedestrian, itinerant 巡回的",itinerant
peripheral,[pəˈrɪfərəl],"adj. of, relating to, involving, or forming a periphery or surface part 边缘的",marginal
perpetuate,[pəˈpetʃueɪt],v. to make perpetual or cause to last indefinitely 使…永存,
pertain,[pəˈteɪn],"(1)v. to relate to someone or something 有关
(2)v. to belong as a part, member, accessory or product 从属",
pervasive,[pəˈveɪsɪv],adj. existing in every part of something 普遍的，弥漫的,rife
pessimistic,[ˌpesɪˈmɪstɪk],adj. having or showing a lack of hope for the future 悲观的,
pilfer,[ˈpɪlfə],v. to steal things that are not very valuable or to steal a small amount of something 偷窃,appropriate
plastic,[ˈplæstɪk],"(1)adj. capable of adapting to varying conditions 可塑的
(2)adj. not real or sincere 做作的",malleable
platitudinous,[ˌplætɪ'tju:dɪnəs],adj. having the characteristics of a platitude 陈腐的,
plentiful,[ˈplentɪfl],adj. containing or giving large amounts of something 充⾜足的,
ponder,[ˈpɒndə],v. to think about or consider carefully 深思熟虑,contemplate
posture,['pɒstʃə],"(1)n. the attitude a person or group has toward a subject 态度
(2)v. to assume an artificial or pretended attitude 摆姿态",
preachy,[ˈpri:tʃi],adj. trying to teach something in a way that is annoying or unwanted 爱说教的,"sanctimonious, didactic"
precipitate,[prɪˈsɪpɪteɪt],"(1)v. to cause to happen quickly or suddenly 引发，加速
(2)n. a solid substance that is separated from al liquid especially by a chemical process 沉淀
(3)adj. happening very quickly or too quickly without enough thought or planning 冲动的，鲁莽的",
precocious,[prɪ'kəʊʃəs],adj. exhibiting mature qualities at an unusually early age 早熟的,mature
precursor,[pri:ˈkɜ:sə],n. something that comes before something else and that often leads to or influences its development 先驱,forerunner
predate,['pri:'deɪt],v. to exist or happen at an earlier time than 早于,"antedate, precede"
predilection,[ˌpri:dɪˈlekʃn],n. a natural liking for something 偏爱,"proclivity, preference"
predominant,[prɪˈdɒmɪnənt],"adj. more important, powerful, successful, or noticeable than other people or things 占优势的，主导的",
preeminent,[pri'ɛmɪnənt],"adj. more important, skillful, or successful than others 杰出的，卓越的",
prefigure,[ˌpri:ˈfɪgə(r)],v. to show or suggest something that will happen or exist at a future time 预示,anticipate
presage,[ˈpresɪdʒ],v. to give or be a sign of 预示,portend
preside,[prɪˈzaɪd],v. to be in charge of something 主持,
pressing,['prɛsɪŋ],adj. urgently important 紧迫的，重要的,"exigent, critical"
preternatural,[ˌpri:təˈnætʃrəl],adj. very unusual in a way that does not seem natural 异乎寻常的,"exceptional, prodigious"
prevaricate,[prɪ'værə'ket],v. to deviate from the truth 闪烁其词,
proclaim,[prəˈkleɪm],"(1)v. to say or state in a public, official, or definite way 宣布
(2)v. to show clearly 表明",profess
proclivity,[prəˈklɪvəti],n. a strong natural liking for something that is usually bad 倾向，嗜好,predilection
prodigious,[prə'dɪdʒəs],"adj. extraordinary in bulk, quantity, or degree 巨⼤大的","voracious, preternatural"
profligate,[prɑfləɡɪt],adj. wildly extravagant 挥霍的,"extravagant, prodigal"
profound,[prəˈfaʊnd],"(1)adj. having or showing great knowledge or understanding 渊博的
(2)adj. difficult to understand 深奥的
(3)adj. coming from, reaching to, or situated at a depth 深刻的",trenchant
prolix,[prəʊ'lɪks],adj. using too many words 冗⻓长的,"verbose, long-winded"
prominent,['prɒmɪnənt],adj. easily notice or seen 显著的,"conspicuous, salient"
promise,[ˈprɒmɪs],"(1)n. an indication of future success or improvement 成功前景
(2)n. a reason to expect that something will happen in the future 希望",
prompt,[prɒmpt],"(1)v. to cause to do something 促使
(2)adj. performed readily or immediately 迅捷的",
propitious,[prəˈpɪʃəs],adj. likely to have or produce good results 吉利利的,auspicious
proponent,[prə'pəʊnənt],n. a person who argues for or supports something ⽀支持者,"defender, champion"
proprietary,[prəˈpraɪətri],"(1)adj. used, made, or sold only by the particular person or company that has the legal right to do so 专利利的
(2)adj. kept private by an owner 私⼈人独有的",
prosaic,[prə'zeɪk],adj. dull or ordinary 乏味的,
protract,[prəˈtrækt],"(1)v. delay, defer 拖延
(2)v. to extend forward or outward 延⻓长",
provincial,[prəˈvɪnʃl],"(1)adj. not knowing or caring about people and events in other places
狭隘的
(2)adj. of, relating to, or coming from a province 省的",insular
provisional,[prəˈvɪʒənəl],adj. serving for the time being 临时的，暂时的,
prudent,[ˈpru:dnt],adj. having or showing careful good judgment 审慎的,"circumspect, provident"
pugnacious,[pʌgˈneɪʃəs],adj. showing a readiness or desire to fight or argue 好⽃斗的,"truculent, belligerent"
purport,[pəˈpɔ:t],"(1)v. to claim to be or do a particular thing when this claim may not be true  （假意）声称
(2)n. the main or general meaning of something 意义",
purveyor,[pərˈveɪə],n. one that purveys 供应商,supplier
qualify,[ˈkwɒlɪfaɪ],"(1)v. to give the necessary skill or knowledge to do a particular job or activity 使有资格
(2)v. to limit or modify the meaning of 限定",
qualm,[kwɑm],n. a feeling of uneasiness about a point 不不安，疑虑,
quash,[kwɒʃ],"(1)v. to suppress or extinguish summarily and completely 平息
(2)v. to nullify especially by judicial action 否决",
quiescent,[kwiˈesnt],adj. marked by inactivity or repose 不不活跃的，静⽌止的,"abeyant, calm"
quixotic,[kwɪkˈsɒtɪk],adj. hopeful or romantic in a way that is not practical 不不切实际的,idealistic
rampant,[ˈræmpənt],adj. growing quickly and in a way that is difficult to control 泛滥的，疯⻓长的,luxuriant
rant,[rænt],"(1)v. to talk loudly and in a way that shows anger 咆哮
(2)v. to scold vehemently 严厉批评",diatribe
rapacious,[rəˈpeɪʃəs],adj. excessively grasping or covetous 贪婪的,avaricious
rapprochement,[ræ'prɒʃmɒ̃],n. the development of friendlier relations between countries or groups of people who have been enemies 和解,reconciliation
rationale,[ˌræʃəˈnɑ:l],n. the reason or explanation for something 根本原因，逻辑依据,
rattle,[ˈrætl],v. to make nervous 使紧张，使不不安,
rebuff,[rɪˈbʌf],v. to refuse in a rude way 拒绝,
recalcitrant,[rɪˈkælsɪtrənt],adj. obstinately defiant of authority or restraint 倔强反抗的,
recant,[rɪˈkænt],v. to publicly say that you  no longer have an opinion or belief that you once had 宣布放弃,repudiate
recoil,[rɪˈkɔɪl],"v. to quickly move away from something that is shocking, frightening, or disgusting 畏缩，后退",shrink
recondite,[ˈrekəndaɪt],adj. not understood or known by many people 晦涩难懂的,"esoteric, arcane,
abstruse"
recrudescent,"[,ri:kru:'desnt]",adj. breaking out again 复发的,resurgent
rehash,[ˌri:ˈhæʃ],v. to present again in a slightly different form ⽼老老调重弹，炒冷饭,recycle
relinquish,[rɪ'lɪŋkwɪʃ],v. to give up 放弃,cede
remedy,[ˈremədi],"(1)n. a medicine or treatment that relieves pain or cures a usually minor illness 治疗药物
(2)n. a way of solving or correcting a problem 改进措施
(3)v. to solve, correct, or improve 纠正，弥补",panacea
render,[ˈrɛndɚ],v. to reproduce or represent by artistic or verbal means 呈现，再现,reproduce
reprehensible,"[,rɛprɪ'hɛnsəbl]",adj. deserving very strong criticism 应受谴责的,deplorable
repudiate,[rɪˈpju:dieɪt],"(1)v. to refuse to accept or support 拒绝承认
(2)v. to refuse to having anything to do with 与...断绝关系",recant
requisite,[ˈrekwɪzɪt],adj. needed for a particular purpose 必需的,essential
resolve,[rɪˈzɒlv],"(1)v. to find an answer or solution to 解决
(2)v. to make a definite and serious decision to do something 决定
(3)n. a strong determination to do something 决⼼心",tenacity
respite,[ˈrespaɪt],n. an interval of rest or relief 喘息,"lull, relief, break"
retain,[rɪˈteɪn],"v. to keep in a position, job, etc. 保持",
riddle,[ˈrɪdl],"n. a mystifying, misleading, or puzzling question posed as a problem to be solved or guessed 谜","conundrum, enigma, puzzle"
robust,[rəʊˈbʌst],"(1)adj. strong and healthy 健壮的
(2)adj. successful or impressive and not likely to fail or weaken 强有⼒力力的",strong
row,[ro],n. a noisy disturbance or quarrel 争吵,
rudimentary,[ˌru:dɪˈmentri],"(1)adj. basic or simple 基本的
(2)adj. not very developed or advanced 未完全发布的","primitive, sketchy, embryonic, sketchy, elemental"
sacrosanct,[ˈsækrəʊsæŋkt],"adj. too important and respected to be changed, criticized, etc. 神圣不不可改变的",
salient,[ˈseɪliənt],adj. very important or noticeable 显著的，重要的,"visible, prominent, obtrusive, conspicuous"
salubrious,[sə'lubrɪəs],adj. making good health possible or likely 有益健康的,
sanctimonious,[ˌsæŋktɪˈməʊniəs],adj. pretending to be morally better than other people 假装（⽐比别⼈人）圣洁的,"preachy, didactic"
sartorial,[sɑr'tɔrɪəl],adj. of or relating to clothes 裁缝的，制⾐衣的,
scant,[skænt],adj. very small in size or amount 缺乏的,limited
scorn,[skɔ:rn],v. reject or dismiss as contemptible or unworthy 鄙视,
scrutinize,[ˈskru:tənaɪz],v. to examine carefully especially in a critical way 仔细检查,
self-defeating,[ˌsɛlfdɪˈfitɪŋ],adj. 对⾃自身不不利利的,
seminal,[ˈsemɪnl],"adj. having a strong influence on ideas, works, events, etc., that come later 开创性的",
sequential,[sɪˈkwenʃl],"adj. of, relating to, or arranged in a particular order or sequence 连续的，顺序的",successive
shackle,[ˈʃækl],"(1)n. something that prevents people from acting freely 束缚
(2)v. to put shackles on 束缚",stifle
sham,[ʃæm],n. cheep falseness 假东⻄西，赝品,
shoddy,['ʃɑdi],adj. poorly done or made 粗制滥造的,
shriek,[ʃri:k],"v. to make a loud, high-pitched cry 尖叫",caterwaul
sidestep,[ˈsaɪdstep],"v. bypass, evade 回避",circumvent
sift,['sɪft],v. to go through very carefully in order to find something useful or valuable 筛选,
sketchy,[ˈsketʃi],"(1)adj. roughly outlined 粗略略的
(2)adj. wanting in completeness, clearness, or substance: slight, superficial 不不完全的","rudimentary, superficial, undeveloped"
skittish,['skɪtɪʃ],adj. easily frightened or excited 易易受惊的,"restive, fractious"
slapdash,[ˈslæpdæʃ],adj. quick and careless 草率的,
slight,[slaɪt],"(1)v. to offend or insult 轻视
(2)adj. very small in degree or amount 微不不⾜足道的",disparage
slippery,[ˈslɪpəri],"(1)adj. not precise or fixed in meaning: ambiguous, elusive 难以抓住的，棘⼿手的
(2)adj. not to be trusted 不不可靠的",elusive
sluggish,[ˈslʌgɪʃ],adj. moving slowly or lazily 缓慢的,"dilatory, listless"
slur,[slɜ:],"(1)n. an insulting or disparaging remark or innuendo 贬低
(2)v. to make indistinct 使...模糊",aspersion
smother,[ˈsmʌðə],"(1)v. to try to keep from happening 抑制
(2)v. to kill by depriving of air 使窒息⽽而死",
snobbish,[ˈsnɑ:bɪʃ],"adj. being, characteristic of, or befitting a snob 势利利的",
somnolent,[ˈsɒmnələnt],"(1)adj. tired and ready to fall asleep 昏睡的
(2)adj. causing a person to fall asleep 催眠的",lethargic
sophist,[ˈsɒfɪst],"(1)n. a captious or fallacious reasoner 诡辩者
(2)n. philosopher 哲学家",
sophisticated,[sə'fɪstɪketɪd],"(1)adj. highly developed and complex 复杂的
(2)adj. finely experienced and aware ⽼老老练的",
spartan,[ˈspɑ:tn],"(1)adj. marked by simplicity, frugality, or avoidance of luxury and comfort 简朴的
(2)n. a person of great courage and self-discipline 勇敢守纪律律的⼈人",
specious,[ˈspi:ʃəs],"adj. falsely appearing to be fair, just, or right 虚假的","artificial, forged, fabricated, spurious"
spur,[spɜ:],v. to incite to action or accelerated growth or development 激励,foster
stale,[steɪl],adj. tedious from familiarity 陈旧的，厌倦的,banal
stanch,[stɔntʃ],v. to stop something (especially blood) from flowing ⽌止⾎血，平息,
standstill,[ˈstændstɪl],n. a state in which all activity or motion is stopped 静⽌止,
subsidize,['sʌbsə'daɪz],v. to help someone or something pay for the costs of 资助，补贴,
subtle,['sʌtl],(1)adj. hard to notice or see 不不易易觉察的 (2)adj. difficult to understand 难以理理解的 (3)adj. able to make fine distinctions 敏敏锐的,
succumb,[səˈkʌm],"(1)v. to stop trying to resist something 屈服
(2)v. to die 死亡",yield
superficial,[ˌsu:pəˈfɪʃl],"(1)adj. concerned only with the obvious or apparent 肤浅的
(2)adj. lying close to the surface 表⾯面的","shallow, sketchy"
supplicate,['sʌplikeit],v. to ask humbly and earnestly of 恳求,"entreat, solicit"
surly,[ˈsɜ:li],adj. irritably sullen and churlish in mood or manner 阴郁的,sullen
susceptible,[sə'sɛptəbl],"adj. easily affected, influenced, or harmed by something 易易受影响的",
sycophantic,[ˌsɪkə'fæntɪk],"adj. fawning, obsequious 谄媚的","obsequious, adulating"
synoptic,[sɪ'nɑptɪk],adj. affording a general view of a whole 概要的,abridged
taciturn,[ˈtæsɪtɜ:n],adj. temperamentally disinclined to talk 沉默寡⾔言的,"laconic, terse, curt"
taint,[teɪnt],"(1)v. to contaminate morally 玷污
(2)v. to affect with putrefaction 污染
(3)n. something that causes a person or thing to be thought of as bad, dishonest, etc. 瑕疵",
tedious,[ˈti:diəs],adj. boring and too slow or long 单调乏味的,"dreary, boring"
tenuous,[ˈtenjuəs],"(1)adj. very thin 纤细的
(2)adj. having little substance or strength 脆弱的",exiguous
tepid,[ˈtepɪd],adj. not energetic or excited 不不够热情的,
testimony,[ˈtestɪməni],n. proof or evidence that something exists or is true 证据,
thrill,[θrɪl],"(1)v. to cause to feel very excited or happy 使激动
(2)n. a quivering or trembling caused by sudden excitement or emotion
激动，紧张",
thrive,[θraɪv],v. to grow or develop successfully 繁荣,
timely,[ˈtaɪmli],adj. happening at the correct or most useful time 适时的,opportune
tonic,[ˈtɒnɪk],adj. increasing or restoring physical or mental tone 恢复健康的,restorative
tortuous,[ˈtɔ:tʃuəs],"(1)adj. having many twists and turns 弯曲的
(2)adj. complicated, long, and confusing 冗⻓长复杂的",convoluted
tractable,[ˈtræktəbl],"adj. capable of being easily led, taught, or controlled 驯服的，温顺的",compliant
transgress,[trænzˈgres],v. to do something that is not allowed 违反，侵犯,
transitory,[ˈtrænsətri],adj. lasting only for a short time 短暂的,"ephemeral, evanescent, temporary"
tremendous,[trə'mɛndəs],adj. very large or great 巨⼤大的,
trenchant,[ˈtrentʃənt],"adj. very strong, clear, and effective 有⼒力力的，有效的","profound, incisive"
trepidation,[ˌtrepɪˈdeɪʃn],n. a nervous or fearful feeling of uncertain agitation 不不安,"misgiving, apprehension"
trifling,[ˈtraɪflɪŋ],adj. having little value or importance 微不不⾜足道的,minimal
trigger,[ˈtrɪgə],v. to cause to start or happen 引发,
triumph,[ˈtraɪʌmf],n. a great success or achievement 伟⼤大胜利利,success
trivial,[ˈtrɪviəl],adj. not important 不不重要的,"inconsequential, immaterial"
truncate,[trʌŋ'ket],v. to shorten by or as if by cutting off 截短,"shorten, foreshorten"
tumultuous,[tu'mʌltʃuəs],"adj. involving a lot of violence, confusion, or disorder 骚乱的",
tyro,[ˈtaɪrəʊ],n. a person who has just started learning or doing something 新⼿手,"novice, neophyte"
umbrage,[ˈʌmbrɪdʒ],n. a feeling of being offended by what someone has said or done ⽣生⽓气,
undermine,[ˌʌndəˈmaɪn],v. to make weaker or less effective usually in a secret or gradual way 暗中破坏,"impair, subvert, undercut"
undo,[ʌn'du],v. to change or stop the effect of 取消，使⽆无效,
unerring,[ʌnˈɜ:rɪŋ],adj. always right and accurate 万⽆无⼀一失的,settled
unexampled,[ˌʌnɪg'zɑ:mpld],adj. having no example or parallel 前所未有的,novel
ungainly,[ʌn'ɡenli],adj. moving in an awkward or clumsy way  笨拙的，不不优雅的,awkward
unimpeachable,[ˌʌnɪmˈpi:tʃəbl],adj. very reliable and trusted 毋庸置疑的,blameless
unkempt,[ˌʌnˈkempt],adj. messy or untidy 不不整洁的,
unmistakable,[ˌʌnmɪˈsteɪkəbl],adj. not capable of bing mistaken or misunderstood 毋庸置疑的，明显的,decisive
unqualified,[ˌʌnˈkwɒlɪfaɪd],"(1)adj. complete or total 完全的，不不受限制的
(2)adj. not having the skills, knowledge, or experience needed to do a particular job or activity ⽆无资格的",unalloyed
unremitting,[ˌʌnrɪˈmɪtɪŋ],adj. not stopping or growing weaker 不不停的,unceasing
unseemly,[ʌn'simli],adj. not proper or appropriate for the situation 不不得体的,indecorous
untenable,[ʌnˈtenəbl],adj. not capable of being defended against attack or criticism 站不不住脚的,baseless
untether,[ʌn'teðə],v. to free from or as if from a tether 脱离,divorce
untrammeled,[ʌn'træmld],"adj. not confined, limited, or impeded 没有限制的",unrestrained
unwitting,[ʌn'wɪtɪŋ],adj. not intended or planned ⽆无意的,
unyielding,[ʌnˈji:ldɪŋ],adj. characterized by firmness or obduracy 不不屈的,implacable
urbane,[ɜ:ˈbeɪn],adj. notably polite or polished in manner 儒雅的,
utilitarian,[ˌju:tɪlɪˈteəriən],adj. made to be useful rather than to be decorative or comfortable 实⽤用的,functional
utter,['ʌtə],"(1) adj. complete and total 完全的
(2) v. to say 表达",
vacant,[ˈveɪkənt],"(1)adj. being without content or occupant 空的
(2)adj. devoid of thought, reflection, or expression ⼼心不不在焉的",
valediction,[ˌvælɪˈdɪkʃn],n. an act of bidding farewell 告别,
valorize,['væləraɪz],v. to assign value or merit to 称赞,exalt
verisimilitude,[ˌverɪsɪˈmɪlɪtju:d],n. the quality of seeming real 逼真,realism
versatile,[ˈvɜ:sətaɪl],"(1)adj. able to do many different things 多才多艺的
(2)adj. having many different uses 多功能的","protean, fickle, volatile, flighty, erratic, capricious"
vitriolic,"[,vɪtrɪ'ɑlɪk]",adj. bitterly scathing 尖酸刻薄的,"acerbic, opprobrium"
vivacious,[vɪˈveɪʃəs],adj. happy and lively in a way that is attractive 活泼的,
volatile,[ˈvɒlətaɪl],adj. likely to change in a very sudden or extreme way 善变的,"fickle, versatile, flighty, erratic, capricious"
voluble,['vɑljəbl],adj. talking a lot in an energetic and rapid way 健谈的,
voracious,[vəˈreɪʃəs],"(1)adj. having a huge appetite 贪吃的
(2)adj. excessively eager 贪得⽆无厌的","prodigious, insatiable"
wane,[weɪn],"(1)v. to become smaller or less 衰落，减少
(2)n. a time of phase of gradual decrease 衰落期","ebb, decline"
wide-ranging,[ˈwaɪdˈreɪndʒɪŋ],adj. dealing with or affecting a great variety of different things ⼴广泛的,
wield,[wi:ld],"v. to have and use (power, influence, etc.) ⾏行行使，施加",exert
wistful,[ˈwɪstfl],adj. having or showing sad thoughts and feelings about something that you want to have or do and especially about something that made you happy in the past 伤感的，依依不不舍的,
wondrous,['wʌndrəs],adj. causing wonder 奇妙的,amazing
woo,[wu],v. to seek to gain or bring about 恳求，争取,
yield,[ji:ld],"(1)v. to produce or provide 产⽣生
(2)v. to surrender or submit to another 屈服","succumb, engender, output"
zealot,[ˈzelət],n. a person who has very strong feelings about something and who wants other people to have those feelings 狂热者,"extremist, ideologue"
